,značka,středisko,položka,částka,podáno,proplaceno,redmine,popis
0,FO 1/2018,kralovehradecko,220900001,-6993.00,2018-01-10,,https://redmine.pirati.cz/issues/9543,Grafické práce
1,FO 2/2018,kralovehradecko,220900909,-6993.00,2018-01-10,2018-01-11,,plakátové grafické práce
2,FO 3/2018,jiznicechy,221200909,-75000.00,2018-01-10,2018-01-10,https://redmine.pirati.cz/issues/9166,záloha (3x nájem) + nájem leden a únor
3,FO 4/2018,strana,212600001,-37400.00,2018-01-18,2018-01-28,,Doplatek za pronájem prostor
4,FO 5/2018,strana,212600001,-5652.00,2018-01-18,2018-01-28,,Tisk dokumentových sloh na CF 2018
5,FO 6/2018,strana,212600001,-16000.00,2018-01-18,2018-01-28,,Pronájem klubu Fleda - CF 2018
6,FO 7/2018,strana,212600001,-2033.00,2018-01-18,2018-01-28,,Tisk nálepek - CF 2018
7,FO 8/2018,vysocina,220700403,-11644.00,2018-01-18,2018-01-19,,Nájemné JiPiCe 01/2018
8,FO 9/2018,karlovarsko,220200909,-12000.00,2018-01-18,2018-01-20,https://redmine.pirati.cz/issues/9245,e-PIC KvK - nájem 1_2018
9,FO 10/2018,karlovarsko,220200909,-3000.00,2018-01-19,2018-01-20,https://redmine.pirati.cz/issues/9246,VyOsení K. Vary 1/2018 - Definitivní Ententýk
10,FO 11/2018,karlovarsko,220200909,-1000.00,2018-01-19,2018-01-20,https://redmine.pirati.cz/issues/9247,e-PIC KvK - záloha na plyn 1_2018
11,FO 12/2018,karlovarsko,220200909,-2000.00,2018-01-19,2018-01-20,https://redmine.pirati.cz/issues/9248,VyOsení K. Vary 1/2018 - Lemmingway
12,FO 13/2018,strana,213000001,-6243.60,2018-01-20,2018-01-20,https://redmine.pirati.cz/issues/9259,Serverhosting Savana (rok)
13,FO 14/2018,strana,213000001,-14069.90,2018-01-20,2018-01-20,,Serverhosting Master 2018
14,FO 15/2018,karlovarsko,220200909,-2000.00,2018-01-20,2018-01-21,https://redmine.pirati.cz/issues/9263,VyOsení K. Vary 1/2018 - Horizont Událostí
15,FO 16/2018,vysocina,220700405,-1398.30,2018-01-22,2018-01-22,,Občerstvení
16,FO 17/2018,vysocina,220700404,-697.30,2018-01-22,2018-01-23,,Hygienické a kuchyňské vybavení na akci Otevřené dveře
17,FO 18/2018,vysocina,220700001,-1469.40,2018-01-22,2018-02-03,,Cestovné 01/18
18,FO 19/2018,strana,212600001,-2455.00,2018-01-22,2018-01-22,https://redmine.pirati.cz/issues/9260,Tisk materiálů do sloh
19,FO 20/2018,strana,212600001,-315.00,2018-01-22,2018-01-22,,Jmenovky - papíry
20,FO 21/2018,strana,212600001,-1400.00,2018-01-22,2018-01-22,,Jmenovky - nosiče
21,FO 22/2018,strana,212600001,-2000.00,2018-01-22,2018-02-11,,Grafické práce - motiv samolepky CF 2018
22,FO 23/2018,strana,212600001,-25172.00,2018-01-23,2018-01-23,https://redmine.pirati.cz/issues/9276,Zasíťování prostoru
23,FO 26/2018,jiznicechy,221200909,-780.00,2018-01-25,2018-01-25,,polepy
24,FO 27/2018,strana,212500001,-4500.00,2018-01-26,2018-01-26,,Zpracování účetních dokladů
25,FO 28/2018,strana,212600001,-753.00,2018-01-26,2018-02-11,https://redmine.pirati.cz/issues/9298,Kancelářské potřeby/CF
26,FO 29/2018,praha,220100402,-847.00,2018-01-27,2018-01-28,https://redmine.pirati.cz/issues/9305,Internet v PiCe - leden
27,FO 30/2018,praha,220100001,-32940.00,2018-01-27,2018-01-28,https://redmine.pirati.cz/issues/9306,Impact Hub
28,FO 31/2018,praha,220100402,-6958.00,2018-01-29,2018-01-29,https://redmine.pirati.cz/issues/9323,vyučtování Plynu
29,FO 32/2018,praha,220100402,-16692.00,2018-01-29,2018-01-29,https://redmine.pirati.cz/issues/9324,Vyučtování Elektřiny
30,FO 33/2018,strana,212600402,-37500.00,2018-01-29,2018-01-30,https://redmine.pirati.cz/issues/9326,"Nájem sídla strany 2,3,4/2018"
31,FO 34/2018,moravskoslezsko,220400300,-1750.00,2018-01-29,2018-01-30,https://redmine.pirati.cz/issues/9521,internet OPICE za měsíce1-5/2018
32,FO 35/2018,vysocina,220700404,-7590.00,2018-01-30,2018-01-30,,Vysavač do JiPiCe
33,FO 36/2018,zlinsko,220500001,-238.00,2018-01-30,2018-01-31,https://redmine.pirati.cz/issues/9336,Cestovné CF/Šenkýř/tam i zpět
34,FO 37/2018,strana,231180000,-5418.00,2018-01-30,,https://redmine.pirati.cz/issues/9338,PARO/Deskovky ZlK
35,FO 38/2018,moravskoslezsko,220400150,-2999.00,2018-01-31,2018-01-31,https://redmine.pirati.cz/issues/9340,Nákup reklamních předmětů v pirátském e-shopu
36,FO 39/2018,praha,220100402,-3180.00,2018-01-31,2018-01-31,https://redmine.pirati.cz/issues/9341,plošina do PiCe
37,FO 40/2018,praha,220100001,-100.00,2018-01-31,2018-01-31,https://redmine.pirati.cz/issues/9343,Kredit pro datové schránky
38,FO 41/2018,zlinsko,220500001,-500.00,2018-01-31,2018-01-31,https://redmine.pirati.cz/issues/9345,"Ubytování/Klajn/500,-"
39,FO 42/2018,zlinsko,220500001,-500.00,2018-01-31,2018-01-31,https://redmine.pirati.cz/issues/9346,"Třos/ubytováníCF/500,-"
40,FO 43/2018,zlinsko,220500001,-270.00,2018-01-31,2018-01-31,https://redmine.pirati.cz/issues/9347,"Marečková/UbytováníCF/270,-"
41,FO 44/2018,zlinsko,220500001,-500.00,2018-01-31,2018-01-31,https://redmine.pirati.cz/issues/9348,Maiello/ubytování CF
42,FO 45/2018,zlinsko,220500001,-270.00,2018-01-31,2018-02-10,https://redmine.pirati.cz/issues/9349,"Martinková/ubytování CF/240,-"
43,FO 46/2018,zlinsko,220500001,-446.00,2018-01-31,2018-01-31,https://redmine.pirati.cz/issues/9350,"Cestovné/Valášek/446,-"
44,FO 47/2018,strana,212900001,-1514.00,2018-01-31,2018-02-01,https://redmine.pirati.cz/issues/9351,cestovné Jana Rohová
45,FO 48/2018,zlinsko,220500001,-500.00,2018-01-31,2018-01-31,https://redmine.pirati.cz/issues/9352,"Rychtar/ubytování CF/500,-"
46,FO 49/2018,zlinsko,220500001,-493.00,2018-01-31,2018-01-31,https://redmine.pirati.cz/issues/9353,CestovnéCF/Yf+Andrea+Martina+Hanka
47,FO 50/2018,vysocina,220700403,-11644.00,2018-02-01,2018-02-10,,Nájemné JiPiCe 02/2018
48,FO 51/2018,zlinsko,220500403,-29990.00,2018-02-01,2018-02-01,https://redmine.pirati.cz/issues/9364,Propagační předměty ZlK
49,FO 52/2018,praha,220100001,-1660.00,2018-02-01,2018-02-01,https://redmine.pirati.cz/issues/9367,WS k životnímu prostředí
50,FO 53/2018,praha,220100402,-847.00,2018-02-01,2018-02-01,https://redmine.pirati.cz/issues/9368,Internet v PiCe - únor
51,FO 54/2018,praha,220100001,-1200.00,2018-02-01,2018-02-02,https://redmine.pirati.cz/issues/9369,nájem rikšy
52,FO 55/2018,jiznimorava,220600401,-36000.00,2018-02-02,2018-02-02,,Záloha za služby
53,FO 56/2018,jiznimorava,220600401,-60000.00,2018-02-02,2018-02-02,,Nájemné za období 1-12/2018
54,FO 57/2018,praha,220000001,-2377.00,2018-02-04,2018-02-04,https://redmine.pirati.cz/issues/9381,tisk petic
55,FO 58/2018,praha,220000001,-4192.00,2018-02-04,2018-02-04,https://redmine.pirati.cz/issues/9382,tisk plakátů
56,FO 59/2018,olomoucko,220300001,-24800.00,2018-02-04,2018-02-06,https://redmine.pirati.cz/issues/9383,Pořízení židlí do Pircentra Olomouc
57,FO 60/2018,strana,231172001,-6621.00,2018-02-04,2018-02-05,,Nábytek a další Ikea
58,FO 61/2018,vysocina,220700404,-24599.00,2018-02-04,2018-02-05,,Židle a stůl Ikea
59,FO 62/2018,vysocina,220700404,-19104.00,2018-02-04,2018-02-05,,Router a projektor
60,FO 63/2018,moravskoslezsko,220402001,-4119.00,2018-02-05,2018-02-05,https://redmine.pirati.cz/issues/9387,Pořízení stanu
61,FO 64/2018,strana,212800001,-10000.00,2018-02-05,2018-02-07,https://redmine.pirati.cz/issues/9388,Sociální média 01/2018
62,FO 65/2018,strana,212500001,-635.00,2018-02-05,2018-02-07,https://redmine.pirati.cz/issues/9403,Cestovné M. Kučera 19. 1. 2018
63,FO 66/2018,strana,212900001,-27000.00,2018-02-05,2018-02-11,,odměna KoDo VYS 01/2018
64,FO 67/2018,strana,212900001,-23363.00,2018-02-05,2018-02-11,https://redmine.pirati.cz/issues/9408,Odměna KoDo-MSK-1/2018
65,FO 68/2018,strana,212900001,-26454.00,2018-02-05,2018-02-11,https://redmine.pirati.cz/issues/9411,odměna KoDo ZlK 01/2018
66,FO 69/2018,jiznimorava,220600401,-1307.00,2018-02-06,2018-02-06,https://redmine.pirati.cz/issues/9420,Nákup štítkovačky
67,FO 70/2018,praha,220100002,-12800.00,2018-02-06,,https://redmine.pirati.cz/issues/9427,ZRUŠENO analýza swapu
68,FO 71/2018,strana,212900001,-23363.00,2018-02-06,2018-02-11,https://redmine.pirati.cz/issues/9429,odměna KoDo Olk 01/2018
69,FO 72/2018,zlinsko,220500001,-2650.00,2018-02-06,2018-02-06,https://redmine.pirati.cz/issues/9430,Vizitky/předsednictva ZlK
70,FO 73/2018,strana,231172003,-4924.00,2018-02-06,2018-02-07,,Hry do jipice
71,FO 74/2018,strana,212900001,12780.00,2018-02-06,2018-02-11,https://redmine.pirati.cz/issues/9433,Odměna KoDo KvK 01/2018
72,FO 75/2018,strana,212900001,-21000.00,2018-02-06,2018-02-11,https://redmine.pirati.cz/issues/9436,odměna KoDo ÚsK-01/2018
73,FO 76/2018,strana,212800001,-27500.00,2018-02-07,2018-02-11,https://redmine.pirati.cz/issues/9440,odměna PR manažer 1/2018
74,FO 77/2018,strana,212900001,-6427.99,2018-02-07,2018-02-13,https://redmine.pirati.cz/issues/9441,proplácení telefonů - 1/2018
75,FO 78/2018,strana,212600001,-15000.00,2018-02-19,2018-02-19,https://redmine.pirati.cz/issues/9582,Záloha asistent CAP 02/2018
76,FO 79/2018,strana,212800001,-18904.00,2018-02-07,2018-02-11,https://redmine.pirati.cz/issues/10215,Odměna psavce za 1/2018 Jakub Dušánek
77,FO 80/2018,strana,212900001,-22045.00,2018-02-07,2018-02-11,https://redmine.pirati.cz/issues/9450,Odměna KoDo-PardK-1/2018
78,FO 81/2018,praha,220100001,-12500.00,2018-02-08,2018-02-10,https://redmine.pirati.cz/issues/9462,2 billboardy pro Libeňský most
79,FO 82/2018,strana,231172001,-6850.00,2018-02-08,2018-02-13,,Hračky a další vybavení
80,FO 83/2018,praha,220100001,-6000.00,2018-02-09,2018-02-10,https://redmine.pirati.cz/issues/9463,Záloha - Rebel Wings
81,FO 84/2018,karlovarsko,220200601,-12000.00,2018-02-09,2018-02-10,https://redmine.pirati.cz/issues/9471,e-PIC KvK - nájem 2_2018
82,FO 85/2018,karlovarsko,220200601,-5500.00,2018-02-09,2018-02-10,https://redmine.pirati.cz/issues/9472,e-PIC KvK - zálohy elektřina 2018
83,FO 86/2018,karlovarsko,220200601,-11000.00,2018-02-09,2018-02-10,https://redmine.pirati.cz/issues/9473,e-PIC KvK - zálohy plyn 2018
84,FO 87/2018,strana,212900001,-27000.00,2018-02-09,2018-02-11,https://redmine.pirati.cz/issues/9475,odměna KoDo Pha 01/2018
85,FO 88/2018,strana,212600001,-28400.00,2018-02-11,2018-02-11,https://redmine.pirati.cz/issues/9490,Odměna asistent CAP 01/2018
86,FO 89/2018,strana,213100001,-5365.00,2018-02-11,2018-02-11,,Ubytování Pisecon - 1. pokoj
87,FO 90/2018,kralovehradecko,220900130,-6425.00,2018-02-12,2018-02-12,https://redmine.pirati.cz/issues/9496,Umístění a provoz polepů na autobusy
88,FO 91/2018,kralovehradecko,220900130,-22743.16,2018-02-12,2018-02-12,https://redmine.pirati.cz/issues/9497,Propagace facebook
89,FO 92/2018,kralovehradecko,220900130,-20000.00,2018-02-12,2018-02-20,https://redmine.pirati.cz/issues/9498,Odměna Manažera
90,FO 93/2018,kralovehradecko,220900130,-1332.00,2018-02-12,2018-02-12,https://redmine.pirati.cz/issues/9499,grafické práce 2
91,FO 94/2018,zlinsko,220500001,-627.00,2018-02-12,2018-02-12,https://redmine.pirati.cz/issues/9502,Cestovné Petra+Petr
92,FO 95/2018,praha,220100001,-500.00,2018-02-12,2018-02-12,https://redmine.pirati.cz/issues/9503,Grillování senátorů - nájem vybavení
93,FO 96/2018,strana,212700001,-64.84,2018-02-12,2018-02-13,https://redmine.pirati.cz/issues/9504,Poplatek za používání platební brány
94,FO 97/2018,strana,212900001,-596.00,2018-02-12,2018-02-12,https://redmine.pirati.cz/issues/9509,cestovné Jana Rohová
95,FO 98/2018,praha,220100401,-10000.00,2018-02-12,2018-02-14,https://redmine.pirati.cz/issues/9512,Odměna KODO 1/2018 Romana Klimešová
96,FO 99/2018,strana,231172007,-2989.00,2018-02-13,2018-02-17,https://redmine.pirati.cz/issues/9513,Nakup LTE routeru
97,FO 100/2018,moravskoslezsko,220400300,-8000.00,2018-02-13,2018-02-13,,nájem a služby OPICE
98,FO 101/2018,strana,212501401,-1815.00,2018-02-13,2018-02-13,https://redmine.pirati.cz/issues/9529,Právní služby Marian Pavlov 1/2018
99,FO 102/2018,strana,231172006,-0.00,2018-02-14,,https://redmine.pirati.cz/issues/9534,Letní zahrádka u čajovny
100,FO 103/2018,strana,212500001,635.00,2018-02-14,2018-02-14,,Cestovné M. Kučera 19. 1. 2018 - Interní převod
101,FO 104/2018,strana,212500003,-635.00,2018-02-14,2018-02-14,,Cestovné M. Kučera 19. 1. 2018 Interní převod
102,FO 105/2018,strana,212700001,-14000.00,2018-02-14,2018-02-23,https://redmine.pirati.cz/issues/9543,Odměna vedoucího FO 2018/01
103,FO 106/2018,jiznicechy,221200601,-15000.00,2018-02-14,2018-02-15,https://redmine.pirati.cz/issues/9546,nájem březen
104,FO 107/2018,jiznicechy,221200601,-1000.00,2018-02-14,2018-02-15,https://redmine.pirati.cz/issues/9547,záloha na vodu
105,FO 108/2018,strana,231172006,-0.00,2018-02-15,,https://redmine.pirati.cz/issues/9551,Pojistné_klubu
106,FO 109/2018,jiznimorava,220600480,-126.00,2018-02-15,2018-02-17,,Tisk plakátu A1
107,FO 110/2018,jiznimorava,220600480,-2651.00,2018-02-15,2018-02-17,,Výlep plakátů po Brně na 1 týden
108,FO 111/2018,olomoucko,220300001,-207900.00,2018-02-18,2018-02-19,https://redmine.pirati.cz/issues/9565,Pirátské centrum Olomouc 2018
109,FO 112/2018,praha,220100001,-10740.00,2018-02-18,2018-02-19,https://redmine.pirati.cz/issues/9566,nákup a pirátském eshopu
110,FO 113/2018,praha,220100151,-8948.00,2018-02-18,2018-02-19,https://redmine.pirati.cz/issues/9567,záloha Rengl
111,FO 114/2018,strana,212400001,-2640.85,2018-02-18,2018-02-19,https://redmine.pirati.cz/issues/9570,Občerstvení
112,FO 115/2018,strana,231172007,-462.00,2018-02-18,2018-02-19,https://redmine.pirati.cz/issues/9571,Tisk a vylep plakatu
113,FO 116/2018,vysocina,220700404,-3110.00,2018-02-19,2018-02-21,,Houpačka a houpací prkno
114,FO 117/2018,strana,212400001,-545.00,2018-02-19,2018-02-19,https://redmine.pirati.cz/issues/9576,Cestovné+občerstvení T.Karlík
115,FO 118/2018,vysocina,220700404,-756.00,2018-02-19,2018-02-20,,Drobné hygienické potřeby
116,FO 119/2018,strana,212800001,-9680.00,2018-02-19,2018-02-19,https://redmine.pirati.cz/issues/9579,Brožury Mimi & Eunice
117,FO 120/2018,strana,213100001,-5381.56,2018-02-19,2018-02-19,https://redmine.pirati.cz/issues/9581,Ubytování Pisecon - 2. pokoj
118,FO 121/2018,jiznicechy,221200001,-1540.00,2018-02-20,2018-02-20,https://redmine.pirati.cz/issues/9586,žádost o poskytnutí informací Soběslav
119,FO 122/2018,strana,212400001,-568.00,2018-02-20,2018-02-20,https://redmine.pirati.cz/issues/9588,Cestovné J.Rezek 7.2.RV
120,FO 123/2018,strana,231172008,0,2018-02-20,,https://redmine.pirati.cz/issues/9726,Nákup deskových her a materiálu 1
121,FO 124/2018,strana,231172009,-2695.10,2018-02-20,2018-04-09,https://redmine.pirati.cz/issues/9592,Nákup k veganění 1
122,FO 125/2018,strana,213100001,-2388.00,2018-02-20,2018-02-21,https://redmine.pirati.cz/issues/9598,Doprava na PiSeCon 2018
123,FO 126/2018,strana,212400001,-2350.00,2018-02-20,2018-02-21,https://redmine.pirati.cz/issues/9593,Ubytování/RV/17.2.2018
124,FO 127/2018,strana,212500003,-579.00,2018-02-20,2018-02-21,,Cestovné Petr Tkadlec 13.2.2018
125,FO 128/2018,strana,212400001,-1035.00,2018-02-21,2018-02-21,https://redmine.pirati.cz/issues/9609,RV/J.Demel/ubytko+cestovné
126,FO 129/2018,strana,212400001,-644.00,2018-02-21,2018-02-21,https://redmine.pirati.cz/issues/9610,RV/Tkadlec/cesta+oběd
127,FO 130/2018,vysocina,220700404,-19282.00,2018-02-21,2018-02-21,,Stoly do JiPiCe
128,FO 131/2018,karlovarsko,220200001,-3000.00,2018-02-22,2018-02-23,https://redmine.pirati.cz/issues/9618,Zvučení na VyOsení Karlovy Vary 2018
129,FO 132/2018,strana,231172001,-7900.00,2018-02-22,2018-03-10,,Molitanové kostky
130,FO 133/2018,,,-4644.00,2018-02-22,,https://redmine.pirati.cz/issues/9624,3d kamera
131,FO 134/2018,vysocina,220700404,-490.00,2018-02-22,2018-02-28,,Samolepy na dveře JiPiCe
132,FO 135/2018,pardubicko,220800402,-802.00,2018-02-22,2018-02-26,https://redmine.pirati.cz/issues/9630,Tisk a distribuce plakátů na akci Deskohraní ve Svitavách
133,FO 136/2018,pardubicko,220800402,-802.00,2018-02-22,,,Tisk a distribuce plakátů na akci Deskohraní ve Svitavách
134,FO 137/2018,pardubicko,220800601,-32400.00,2018-02-22,2018-02-26,https://redmine.pirati.cz/issues/9631,Nájem CPiCe 2018
135,FO 138/2018,pardubicko,220800601,-4853.00,2018-02-22,,https://redmine.pirati.cz/issues/9632,PAK - Rekonstrukce poslanecké kanceláře Mikuláše Ferjenčíka
136,FO 139/2018,strana,212900001,-721.00,2018-02-22,2018-02-24,https://redmine.pirati.cz/issues/9636,cestovné Jana Rohová
137,FO 140/2018,karlovarsko,220200603,-391.00,2018-02-22,,,Úklidové a kosmetické prostředky - ePIC K. Vary
138,FO 141/2018,liberecko,221100630,-13130.00,2018-02-23,2018-02-26,https://redmine.pirati.cz/issues/9638,Nákup reprobeden a kabeláže
139,FO 142/2018,praha,220100541,-10888.00,2018-02-23,2018-03-06,https://redmine.pirati.cz/issues/9754,Měsíční odměna zastupitele A. Zábranského 01/2018
140,FO 143/2018,praha,220100541,-5530.00,2018-02-23,2018-02-23,,mzdy a odvody 01/2018
141,FO 144/2018,praha,220100541,-5559.00,2018-03-15,2018-03-15,,mzdy a odvody 02/2018
142,FO 145/2018,strana,212400001,-507.00,2018-02-25,2018-02-25,https://redmine.pirati.cz/issues/9651,CestovnéRV/M.Vodová+O.Tůma
143,FO 146/2018,strana,212600001,-20000.00,2018-02-26,2018-02-26,https://redmine.pirati.cz/issues/9665,Záloha asistent CAP 02/2018 II
144,FO 147/2018,strana,212900001,-43820.00,2018-02-27,2018-03-02,https://redmine.pirati.cz/issues/9671,odměna vedoucí PO 1/2018
145,FO 148/2018,strana,212800001,-7442.00,2018-02-27,2018-02-28,https://redmine.pirati.cz/issues/9674,Monitoring medii
146,FO 149/2018,strana,212800001,-9992.00,2018-02-27,2018-02-28,https://redmine.pirati.cz/issues/9675,Monitoring medii 1/2018
147,FO 150/2018,pardubicko,220800601,0,2018-02-28,,,Úhrada platby centra
148,FO 151/2018,plzensko,221300400,-8000.00,2018-03-01,2018-03-02,https://redmine.pirati.cz/issues/9697,Zálohy na elektřinu za rok 2018
149,FO 152/2018,plzensko,221300400,-12000.00,2018-03-01,2018-03-02,https://redmine.pirati.cz/issues/9698,Zálohy na plyn za rok 2018
150,FO 153/2018,plzensko,221300400,-3426.00,2018-03-01,2018-03-02,https://redmine.pirati.cz/issues/9699,Pojistění prostoru Plzeňského Pirátského Centra
151,FO 154/2018,vysocina,220700001,-1555.50,2018-03-01,2018-03-04,,Cestovné 02/18
152,FO 155/2018,vysocina,220700403,-1200.00,2018-03-01,2018-03-04,,Potisky kanclu a pozvánky na otevření JiPiCe
153,FO 156/2018,vysocina,220700404,-540.00,2018-03-01,2018-03-04,,Audio kabel
154,FO 157/2018,strana,231172001,-3596.00,2018-03-02,2018-03-10,,Kuchyňka a pěnové puzzle
155,FO 158/2018,karlovarsko,220200601,-12000.00,2018-03-03,2018-03-03,https://redmine.pirati.cz/issues/9711,e-PIC KvK - nájem 3_2018
156,FO 159/2018,karlovarsko,220200601,-201.00,2018-03-03,2018-03-03,https://redmine.pirati.cz/issues/9712,"e-PIC KvK - vodné, stočné 1_2018"
157,FO 160/2018,strana,212700001,-543.00,2018-03-03,2018-03-15,https://redmine.pirati.cz/issues/9714,Cestovné 3.3.2018
158,FO 161/2018,moravskoslezsko,220400300,-8120.00,2018-03-03,2018-03-03,https://redmine.pirati.cz/issues/9715,nájem a služby OPICE 2_2018
159,FO 162/2018,praha,220100541,-13550.00,2018-03-05,2018-03-15,https://redmine.pirati.cz/issues/9897,Měsíční odměna zastupitele A. Zábranského 02/2018
160,FO 163/2018,praha,220100541,-0.00,,,,storno
161,FO 164/2018,plzensko,221300400,-32250.00,2018-03-05,2018-03-06,https://redmine.pirati.cz/issues/9722,Nájem Pirátského Centra 2.čtvrtletí 2018
162,FO 165/2018,praha,220100541,-11221.00,2018-04-13,2018-04-13,,storno
163,FO 166/2018,plzensko,221300400,-3000.00,2018-03-05,2018-03-06,https://redmine.pirati.cz/issues/9724,Provize za zprostředkování nájmu prostoru U Zvonu 4/9
164,FO 167/2018,strana,231172008,-8187.40,2018-03-05,2018-03-06,,Nákup deskových her a materiálu 1
165,FO 168/2018,strana,212800001,-6600.00,2018-03-05,2018-03-05,https://redmine.pirati.cz/issues/9727,"Grafika pro FB, akci na Libeňském mostě a výstavu fotografií"
166,FO 169/2018,zlinsko,220500404,-363.00,2018-03-05,2018-03-05,https://redmine.pirati.cz/issues/9728,Na dvě orosená-propagace
167,FO 170/2018,moravskoslezsko,220400300,0,2018-03-05,,https://redmine.pirati.cz/issues/9729,Nákup spotřebního materiálu
168,FO 171/2018,strana,213000001,-1815.00,2018-03-05,2018-04-02,https://redmine.pirati.cz/issues/10156,PC Housing 100W
169,FO 172/2018,strana,212800001,-10000.00,2018-03-05,2018-03-05,https://redmine.pirati.cz/issues/9731,Vyhotovení rozpočtu a příprava výběrových řízení pro MO
170,FO 173/2018,strana,212800001,-10000.00,2018-03-05,2018-03-05,https://redmine.pirati.cz/issues/9734,Příprava a realizace výběrových řízení do MO
171,FO 174/2018,strana,231172007,-152.00,2018-03-05,,https://redmine.pirati.cz/issues/9733,Mobilní internet
172,FO 175/2018,strana,212900001,-20045.00,2018-03-06,2018-03-06,https://redmine.pirati.cz/issues/9737,Odměna KoDo-PLK-1/2018
173,FO 176/2018,strana,231172002,-11644.00,2018-03-06,2018-03-07,,Nájemné JiPiCe 03/2018
174,FO 177/2018,vysocina,220700403,-3644.00,2018-03-06,2018-03-06,,Nájemné JiPiCe 03/2018
175,FO 178/2018,plzensko,221300400,-3850.00,2018-03-06,2018-03-07,https://redmine.pirati.cz/issues/9746,Polepy výloh Plzeňské Pirátského Centra
176,FO 179/2018,strana,212800001,-56000.00,2018-03-06,2018-03-06,,Odměna PR Managera 02/2018 - Karolína Sadílková
177,FO 180/2018,karlovarsko,220200001,-484.00,2018-03-06,2018-03-07,https://redmine.pirati.cz/issues/9749,VyOsení K. Vary 1/2018 - plakáty
178,FO 181/2018,strana,212600001,-9000.00,2018-03-06,2018-03-06,https://redmine.pirati.cz/issues/9755,Odměna asistent CAP 02/2018
179,FO 182/2018,strana,212900001,-24836.00,2018-03-07,2018-03-14,https://redmine.pirati.cz/issues/9757,Odměna KoDo-MSK-2/2018
180,FO 183/2018,strana,212700001,-13000.00,2018-03-07,2018-03-15,https://redmine.pirati.cz/issues/9898,Odměna vedoucího FO 2018/02
181,FO 184/2018,strana,212900001,-23909.00,2018-03-07,2018-03-14,https://redmine.pirati.cz/issues/9765,odměna KoDo ZlK 2/2018
182,FO 185/2018,strana,212900001,-25000.00,2018-03-07,2018-03-14,,odměna KoDo VYS 02/2018
183,FO 186/2018,strana,212900001,-6587.97,2018-03-07,2018-03-08,https://redmine.pirati.cz/issues/9767,proplácení telefonů 2/2018
184,FO 187/2018,plzensko,221300400,-32250.00,2018-03-08,2018-03-08,,Nájem Pirátského Centra 1.čtvrtletí 2018
185,FO 188/2018,plzensko,221300400,-4168.00,2018-03-08,2018-03-09,https://redmine.pirati.cz/issues/9768,Stůl 1 a dva věšáky do PiCe
186,FO 189/2018,strana,231172009,-2090.00,2018-03-08,2018-04-09,https://redmine.pirati.cz/issues/9860,Druhé veganění
187,FO 190/2018,plzensko,221300400,-3539.00,2018-03-08,2018-03-09,https://redmine.pirati.cz/issues/9769,Stůl 2 do PiCe
188,FO 191/2018,plzensko,221300400,-3539.00,2018-03-08,2018-03-09,https://redmine.pirati.cz/issues/9770,Stůl 3 do PiCe
189,FO 192/2018,plzensko,221300400,-3539.00,2018-03-08,2018-03-09,https://redmine.pirati.cz/issues/9771,Stůl 4 do PiCe
190,FO 193/2018,plzensko,221300400,-3539.00,2018-03-08,2018-03-09,https://redmine.pirati.cz/issues/9772,Stůl 5 do PiCe
191,FO 194/2018,plzensko,221300400,-3539.00,2018-03-08,2018-03-12,https://redmine.pirati.cz/issues/9773,Stůl 6 do PiCe
192,FO 195/2018,plzensko,221300400,-4719.00,2018-03-08,2018-03-09,https://redmine.pirati.cz/issues/9774,Prvních deset židlí do PiCe
193,FO 196/2018,plzensko,221300400,-4719.00,2018-03-08,2018-03-09,https://redmine.pirati.cz/issues/9775,Druhých deset židlí do PiCe
194,FO 197/2018,strana,212900001,-21218.00,2018-03-08,2018-03-14,https://redmine.pirati.cz/issues/9777,odměna KoDo UsK 02/2018
195,FO 198/2018,zlinsko,220500404,-600.00,2018-03-08,2018-03-09,https://redmine.pirati.cz/issues/9778,Vitrína/Rožnov
196,FO 199/2018,jiznimorava,220600480,-10406.00,2018-03-08,2018-03-09,https://redmine.pirati.cz/issues/9780,Pronájem kina Scala
197,FO 200/2018,strana,212900001,-500.00,2018-03-08,2018-03-15,https://redmine.pirati.cz/issues/9782,cestovné Jana Rohová
198,FO 201/2018,strana,212900001,-342.43,2018-03-09,2018-03-09,https://redmine.pirati.cz/issues/9795,proplácení telefonů 2/2018 (2)
199,FO 202/2018,strana,212900001,-686.37,2018-03-09,2018-03-09,https://redmine.pirati.cz/issues/9796,proplácení telefonů 2/2018 (3)
200,FO 203/2018,vysocina,220700403,-1600.00,2018-03-09,2018-03-09,https://redmine.pirati.cz/issues/9801,Náramky-propagační materiál
201,FO 204/2018,moravskoslezsko,220400150,-18890.00,2018-03-10,2018-03-10,https://redmine.pirati.cz/issues/9810,Pronájem prostoru pro PirateCon 3.3.2018
202,FO 205/2018,strana,231172016,-5416.00,2018-03-10,2018-03-12,https://redmine.pirati.cz/issues/9831,Deskové hry
203,FO 206/2018,praha,220100401,-10000.00,2018-03-11,2018-03-14,https://redmine.pirati.cz/issues/9818,Odměna KODO 2/2018 Romana Klimešová
204,FO 207/2018,strana,212900001,-27818.00,2018-03-11,2018-03-14,https://redmine.pirati.cz/issues/9819,odměna KoDo Pha 02/2018
205,FO 208/2018,olomoucko,220300001,-2060.00,2018-03-12,2018-03-12,https://redmine.pirati.cz/issues/9821,Doprava židlí
206,FO 209/2018,olomoucko,220300001,-4966.00,2018-03-12,2018-03-12,https://redmine.pirati.cz/issues/9822,Kuchyňská linka
207,FO 210/2018,olomoucko,220300001,-369.00,2018-03-12,2018-03-12,https://redmine.pirati.cz/issues/9823,Baterie k lince
208,FO 211/2018,olomoucko,220300001,-1134.00,2018-03-12,2018-03-12,https://redmine.pirati.cz/issues/9824,Mop a podlaha
209,FO 212/2018,olomoucko,220300001,-69.00,2018-03-12,2018-03-12,https://redmine.pirati.cz/issues/9825,Provázek a izolepa
210,FO 213/2018,olomoucko,220300001,-236.00,2018-03-12,2018-03-12,https://redmine.pirati.cz/issues/9826,Baterky
211,FO 214/2018,strana,212900001,-1200.00,2018-03-12,2018-03-12,https://redmine.pirati.cz/issues/9827,hlídání dětí
212,FO 215/2018,strana,212900001,-13500.00,2018-03-12,2018-03-14,https://redmine.pirati.cz/issues/9829,Odměna KoDo KvK 02/2018
213,FO 216/2018,olomoucko,220300001,-986.00,2018-03-12,2018-03-12,https://redmine.pirati.cz/issues/9830,Zapůjčení dodávky na dovoz židlí
214,FO 217/2018,praha,220100151,-3000.00,2018-03-12,2018-03-12,https://redmine.pirati.cz/issues/9832,"Přednáška Otevřenost, OOÚ a GDPR"
215,FO 218/2018,praha,220100001,-704.00,2018-03-12,2018-03-15,https://redmine.pirati.cz/issues/9835,prezenter a baterie
216,FO 219/2018,strana,212900001,-20781.00,2018-03-12,2018-03-14,https://redmine.pirati.cz/issues/9836,Odměna KoDo-PardK-02/2018
217,FO 220/2018,strana,231172007,-1990.00,2018-03-12,2018-03-13,https://redmine.pirati.cz/issues/9837,Nakup instalacnich medii
218,FO 221/2018,praha,220100001,-2420.00,2018-03-12,2018-03-12,https://redmine.pirati.cz/issues/9838,Café v Lese
219,FO 222/2018,praha,220100402,-847.00,2018-03-12,2018-03-12,https://redmine.pirati.cz/issues/9839,Internet v PiCe - březen
220,FO 223/2018,strana,231172004,-0.00,2018-03-12,,https://redmine.pirati.cz/issues/9840,Židle stohovací e-PIC
221,FO 224/2018,strana,212900001,-268.00,2018-03-12,2018-03-13,https://redmine.pirati.cz/issues/9843,Cestovné - Jakub Dedek
222,FO 225/2018,strana,212900001,-109.00,2018-03-12,2018-03-13,https://redmine.pirati.cz/issues/9842,Cestovné-Yveta Martinková
223,FO 226/2018,strana,212900001,-420.00,2018-03-12,2018-03-13,https://redmine.pirati.cz/issues/9844,Cestovné - Štěpán Drtina
224,FO 227/2018,strana,212900001,-641.00,2018-03-12,2018-03-13,https://redmine.pirati.cz/issues/9845,cestovné - Pavel Štěpánek
225,FO 228/2018,strana,212900001,-269.00,2018-03-12,2018-03-13,https://redmine.pirati.cz/issues/9846,Školení KOKS
226,FO 229/2018,strana,212900001,-606.00,2018-03-12,2018-03-13,,Cestovné - Jan Můčka
227,FO 230/2018,jiznimorava,220600480,-1815.00,2018-03-12,2018-03-14,https://redmine.pirati.cz/issues/9851,Facebooková propagace
228,FO 231/2018,jiznimorava,220600401,-500.00,2018-03-13,2018-03-14,https://redmine.pirati.cz/issues/9853,Cartridge pro štítkovačku
229,FO 232/2018,pardubicko,220800402,-5400.00,2018-03-13,2018-03-27,https://redmine.pirati.cz/issues/9854,nájem sokolovny
230,FO 233/2018,pardubicko,220800401,-2114.00,2018-03-13,2018-03-14,https://redmine.pirati.cz/issues/9855,"nákup flipchartu, papírů a fix"
231,FO 234/2018,pardubicko,220800601,-8088.00,2018-03-13,2018-03-13,https://redmine.pirati.cz/issues/9857,Nákup stolů a regálu do CrPICE
232,FO 235/2018,pardubicko,220800601,-5193.00,2018-03-13,2018-03-13,https://redmine.pirati.cz/issues/9858,Nákup židlí do CrPICE
233,FO 236/2018,pardubicko,220800601,-2130.00,2018-03-13,2018-03-13,https://redmine.pirati.cz/issues/9859,Nákup pracovní židle CrPICE
234,FO 237/2018,pardubicko,220800601,-6423.00,2018-03-13,2018-03-13,https://redmine.pirati.cz/issues/9885,Nákup pohovky do CrPice
235,FO 238/2018,olomoucko,220301001,-856.00,2018-03-13,2018-03-14,https://redmine.pirati.cz/issues/9862,Flashdisky do tomboly
236,FO 239/2018,jiznimorava,220600460,-2820.00,2018-03-13,2018-03-14,https://redmine.pirati.cz/issues/9870,Nájem za prostory pro KS 22. 2.
237,FO 240/2018,pardubicko,220800402,-0.00,2018-03-14,,https://redmine.pirati.cz/issues/9883,Nájem sokolovny
238,FO 241/2018,strana,231172008,-1619.00,2018-03-14,2018-03-14,https://redmine.pirati.cz/issues/9884,Koupení hry Blood rage
239,FO 242/2018,strana,212900001,-21763.00,2018-03-14,2018-03-14,,odměna KoDo Olk 02/2018
240,FO 243/2018,plzensko,221300400,-816.00,2018-03-14,2018-03-28,https://redmine.pirati.cz/issues/10095,Drogerie 1
241,FO 244/2018,jiznimorava,220601000,-402.00,2018-03-14,2018-03-15,https://redmine.pirati.cz/issues/9891,Výlep plakátů
242,FO 245/2018,strana,212900001,-24000.00,2018-02-23,2018-02-23,,KoDo-mzdy a odvody 01/2018
243,FO 246/2018,strana,212900001,-30000.00,2018-03-15,2018-03-15,,KoDo-mzdy a odvody 02/2018
244,FO 247/2018,strana,212501401,-1120.00,2018-02-23,2018-02-23,,Mzdy a odvody 01/2018
245,FO 248/2018,strana,212501401,-480.00,2018-03-15,2018-03-15,,Mzdy a odvody 02/2018
246,FO 249/2018,praha,220100401,-9999.00,2018-02-23,2018-02-23,,mzdy a odvody 01/2018
247,FO 250/2018,praha,220100401,-9999.00,2018-03-15,2018-03-15,,Mzdy a odvody 02/2018
248,FO 251/2018,jiznicechy,221200481,-6000.00,2018-03-15,2018-03-15,,Mzdy a odvody 02/2018
249,FO 252/2018,praha,220100001,-3025.00,2018-03-15,2018-03-15,https://redmine.pirati.cz/issues/9901,"Pracovna 1, grilování"
250,FO 253/2018,praha,220100001,-3025.00,2018-03-15,2018-03-15,https://redmine.pirati.cz/issues/9902,"Pracovna 2, grilování"
251,FO 254/2018,praha,220100001,-1500.00,2018-03-15,2018-03-15,https://redmine.pirati.cz/issues/9903,"Vincaffe, posezení"
252,FO 255/2018,praha,220100001,-6476.00,2018-03-15,2018-03-15,https://redmine.pirati.cz/issues/9905,Bezdrátové mikrofony
253,FO 256/2018,strana,212900001,-1794.00,2018-03-15,2018-03-15,https://redmine.pirati.cz/issues/9907,Cestovné Katka Hůlková
254,FO 257/2018,praha,220100001,-2590.00,2018-03-15,2018-03-15,https://redmine.pirati.cz/issues/9909,Stativ
255,FO 258/2018,plzensko,221300400,-16500.00,2018-03-16,2018-03-16,https://redmine.pirati.cz/issues/9921,Záloha na Světelný box nad PiCe
256,FO 259/2018,zlinsko,220500402,-13049.00,2018-03-16,2018-03-16,https://redmine.pirati.cz/issues/9915,Stany
257,FO 260/2018,zlinsko,220500402,-8924.00,2018-03-16,2018-03-16,https://redmine.pirati.cz/issues/9916,Stoly
258,FO 261/2018,zlinsko,220500404,-1595.00,2018-03-16,2018-03-16,https://redmine.pirati.cz/issues/9917,materiál
259,FO 262/2018,strana,231172004,-21635.00,2018-03-16,2018-03-16,https://redmine.pirati.cz/issues/9922,skládací stoly e-PIC
260,FO 263/2018,strana,231172004,-15386.00,2018-03-16,2018-03-16,https://redmine.pirati.cz/issues/9923,Židle stohovací e-PIC - 2. část
261,FO 264/2018,strana,231172006,-18500.00,2018-03-18,2018-03-27,https://redmine.pirati.cz/issues/9929,Účelově vázaná darovací smlouva Budík
262,FO 265/2018,strana,212900001,-547.00,2018-03-19,,https://redmine.pirati.cz/issues/9938,Cestovné - Jakub Dedek
263,FO 266/2018,strana,210000521,-19050.00,2018-03-19,2018-03-24,https://redmine.pirati.cz/issues/9948,Asistent HR 2/2018
264,FO 267/2018,strana,212500001,-15730.00,2018-03-19,2018-03-21,https://redmine.pirati.cz/issues/9947,Focení předsednictva
265,FO 268/2018,kralovehradecko,220900001,-0.00,2018-03-19,,https://redmine.pirati.cz/issues/9957,Výlep volby 2017
266,FO 269/2018,strana,212900001,-210.00,2018-03-19,,https://redmine.pirati.cz/issues/9956,Cestovné - Štěpán Drtina
267,FO 270/2018,strana,212600001,-10000.00,2018-03-19,2018-03-19,https://redmine.pirati.cz/issues/9960,Záloha asistent CAP 03/2018
268,FO 271/2018,strana,212500001,-0.00,2018-03-20,,https://redmine.pirati.cz/issues/9962,Tisk skládaček autobusu
269,FO 272/2018,strana,212900001,-482.00,2018-03-20,2018-03-21,https://redmine.pirati.cz/issues/9967,cestovné Jana Rohová
270,FO 273/2018,strana,212900001,-8548.27,2018-03-20,2018-03-20,,"airtable platby 01,02 a 03/2018"
271,FO 274/2018,moravskoslezsko,220400150,-2824.00,2018-03-20,2018-03-21,https://redmine.pirati.cz/issues/9970,Hostovné - ubytování
272,FO 275/2018,moravskoslezsko,220400150,-2759.00,2018-03-20,2018-03-29,https://redmine.pirati.cz/issues/9973,Doprava - Autobus - PirateCon
273,FO 276/2018,strana,212900001,-45859.00,2018-03-20,2018-03-24,https://redmine.pirati.cz/issues/9984,odměna vedoucí PO 2/2018
274,FO 277/2018,karlovarsko,220200603,-12582.00,2018-03-21,2018-03-21,https://redmine.pirati.cz/issues/9988,Skládací židle e-PIC
275,FO 278/2018,jiznicechy,221200601,-15000.00,2018-03-21,2018-03-21,https://redmine.pirati.cz/issues/10003,nájem duben
276,FO 279/2018,praha,220100001,-2500.00,2018-03-21,2018-03-22,https://redmine.pirati.cz/issues/10004,Občerstvení na školení KoDo
277,FO 280/2018,strana,212900001,-1090.00,2018-03-21,2018-03-22,https://redmine.pirati.cz/issues/10005,Úniková hra - Teambuilding
278,FO 281/2018,vysocina,220700404,-927.00,2018-03-21,2018-03-21,,Kancelářské potřeby
279,FO 282/2018,praha,220100402,-125.80,2018-03-21,2018-03-22,https://redmine.pirati.cz/issues/10007,Toaletní papír do PiCe
280,FO 283/2018,praha,220100001,-3025.00,2018-03-21,2018-03-22,https://redmine.pirati.cz/issues/10008,"Pracovna 3, grilování"
281,FO 284/2018,praha,220100001,-3025.00,2018-03-21,2018-03-22,https://redmine.pirati.cz/issues/10009,"Pracovna 4, grilování"
282,FO 285/2018,strana,212900001,-278.00,2018-03-21,2018-03-22,https://redmine.pirati.cz/issues/10011,Cestovné - Michaela Kleslová
283,FO 286/2018,vysocina,220700404,-350.00,2018-03-22,2018-03-23,,Samolepy na dveře JiPiCe II.
284,FO 287/2018,strana,212800001,-50000.00,2018-03-22,2018-04-03,https://redmine.pirati.cz/issues/10027,Grafické práce
285,FO 288/2018,vysocina,220700404,-620.00,2018-03-22,2018-03-23,,Stojan na mikrofon
286,FO 289/2018,strana,210000521,-10000.00,2018-03-22,2018-04-09,https://redmine.pirati.cz/issues/10024,FO 289/2018 – Grafické práce
287,FO 290/2018,vysocina,220700405,-1226.00,2018-03-22,2018-03-23,,Občerstvení
288,FO 291/2018,strana,212800001,-8900.00,2018-03-22,2018-04-03,https://redmine.pirati.cz/issues/10026,Grafické práce
289,FO 292/2018,vysocina,220700403,-677.00,2018-03-22,2018-03-23,,Klíče a kari síť
290,FO 293/2018,vysocina,220700403,-374.60,2018-03-22,2018-03-26,,Drobné provozní potřeby
291,FO 294/2018,plzensko,221300400,-3398.00,2018-03-22,2018-03-23,https://redmine.pirati.cz/issues/10030,"Sedací vak, 2 kusy"
292,FO 295/2018,plzensko,221300400,-528.00,2018-03-22,2018-03-23,https://redmine.pirati.cz/issues/10031,Klíče od Pirátského Centra
293,FO 296/2018,plzensko,221300400,-155.00,2018-03-22,2018-03-23,https://redmine.pirati.cz/issues/10036,Montážní lepidlo
294,FO 297/2018,plzensko,221300400,-570.00,2018-03-22,2018-03-23,https://redmine.pirati.cz/issues/10035,Revize hasicího přístroje
295,FO 298/2018,plzensko,221300400,-2234.00,2018-03-22,2018-03-23,https://redmine.pirati.cz/issues/10033,Úklidové práce
296,FO 299/2018,plzensko,221300400,-1000.00,2018-03-22,2018-03-23,https://redmine.pirati.cz/issues/10032,Železné mříže na zeď
297,FO 300/2018,plzensko,221300400,-3705.00,2018-03-22,2018-03-23,https://redmine.pirati.cz/issues/10034,Osvětlení výloh
298,FO 301/2018,plzensko,221300400,-399.00,2018-03-22,2018-03-23,https://redmine.pirati.cz/issues/10037,Schránka na dopisy
299,FO 302/2018,strednicechy,221400001,-777.00,2018-03-22,,,proplacení faktury - otevření poděbradské kanceláře
300,FO 303/2018,strednicechy,221400001,-3775.00,2018-03-22,2018-03-24,https://redmine.pirati.cz/issues/10038,proplacení faktury - otevření poděbradské kanceláře
301,FO 304/2018,plzensko,221300400,-125.00,2018-03-22,2018-03-23,https://redmine.pirati.cz/issues/10039,Klíče do PiCe
302,FO 305/2018,plzensko,221300400,-275.00,2018-03-24,2018-03-26,https://redmine.pirati.cz/issues/10057,Kancelářské potřeby
303,FO 306/2018,strana,212800001,-7550.00,2018-03-26,2018-03-26,https://redmine.pirati.cz/issues/10066,Otevření kanceláře poslance Ivana Bartoše v Poděbradech
304,FO 307/2018,zlinsko,220500001,-1452.00,2018-03-26,2018-03-26,https://redmine.pirati.cz/issues/10070,Cestovné-Piráti SK
305,FO 308/2018,strana,212400001,-224.00,2018-03-26,2018-03-26,https://redmine.pirati.cz/issues/10072,Tkadlec/RV/cestovné
306,FO 309/2018,strana,212400001,-844.00,2018-03-26,2018-03-27,https://redmine.pirati.cz/issues/10073,RV/Rezek/cestovné
307,FO 310/2018,strana,231172027,-4611.00,2018-03-27,2018-04-03,https://redmine.pirati.cz/issues/10082,Nákup techniky
308,FO 311/2018,vysocina,220704401,-1962.00,2018-03-27,2018-04-03,,Trička (dobrovolníci)
309,FO 312/2018,strana,212400001,-980.00,2018-03-27,2018-03-27,https://redmine.pirati.cz/issues/10084,Scwarzova/cestovné RV
310,FO 313/2018,vysocina,220700405,-1101.00,2018-03-27,2018-04-03,,Materiál na pirátské placky
311,FO 314/2018,strana,212400001,-750.00,2018-03-27,2018-03-27,https://redmine.pirati.cz/issues/10085,Koláčný/cestovné RV
312,FO 315/2018,strana,210000521,-3150.00,2018-03-27,2018-03-28,https://redmine.pirati.cz/issues/10087,Ubytování Lipnice - vedlejší objekt
313,FO 316/2018,zlinsko,220500131,-20000.00,2018-03-27,2018-03-27,https://redmine.pirati.cz/issues/10089,Kauce/Fuksa/78
314,FO 317/2018,strana,231172038,-5000.00,2018-03-27,2018-04-02,https://redmine.pirati.cz/issues/10090,Soudní poplatek - kasační stížnost
315,FO 318/2018,plzensko,221300400,-2200.00,2018-03-27,2018-03-28,https://redmine.pirati.cz/issues/10094,Závěsný systém do výloh
316,FO 319/2018,strana,212900001,-323.00,2018-03-28,2018-03-28,https://redmine.pirati.cz/issues/10099,cestovné - Pavel Štěpánek
317,FO 320/2018,strana,212900001,-720.00,2018-03-28,2018-04-17,https://redmine.pirati.cz/issues/10100,cestovné - Libuše Věříšová
318,FO 321/2018,strana,212400001,-1290.00,2018-03-28,2018-03-28,https://redmine.pirati.cz/issues/10103,RV/Šmída/cestovné
319,FO 322/2018,strana,212400001,-1068.00,2018-03-28,2018-03-28,https://redmine.pirati.cz/issues/10104,RV/Smutná/cestovné
320,FO 323/2018,praha,220100402,-1447.00,2018-03-28,2018-03-29,https://redmine.pirati.cz/issues/10107,Klíče od PiCe pro nové koordinátory a jiné
321,FO 324/2018,strana,212800001,-22990.00,2018-03-28,2018-03-29,https://redmine.pirati.cz/issues/10106,Sociologický výzkum Behavio
322,FO 325/2018,praha,220100001,-953.63,2018-03-28,2018-03-29,https://redmine.pirati.cz/issues/10109,Občerstvení na akce v PiCe
323,FO 326/2018,pardubicko,220800400,-456.00,2018-03-28,2018-03-29,https://redmine.pirati.cz/issues/10111,Cesta do Rudoltic
324,FO 327/2018,olomoucko,220300001,-19720.00,2018-03-28,2018-04-03,https://redmine.pirati.cz/issues/10112,Relexní vesty
325,FO 328/2018,strana,231172004,-11016.00,2018-03-28,2018-04-03,https://redmine.pirati.cz/issues/10118,Židle stohovací e-PIC 1. část
326,FO 329/2018,jiznimorava,220600460,-2299.00,2018-03-29,2018-04-02,https://redmine.pirati.cz/issues/10122,Nájem za prostory pro KS 28.3.
327,FO 330/2018,strana,212400001,-477.00,2018-03-29,2018-03-29,https://redmine.pirati.cz/issues/10123,KučeraR./cestovné/RV
328,FO 331/2018,strana,212900001,-159.00,2018-03-29,2018-04-02,https://redmine.pirati.cz/issues/10124,Cestovné
329,FO 332/2018,strana,231172007,-4870.00,2018-03-29,2018-04-04,https://redmine.pirati.cz/issues/10125,Repasovany notebook k PaRo projektu
330,FO 333/2018,strana,212800001,-18030.00,2018-03-29,,https://redmine.pirati.cz/issues/10128,Odměna psavce za 2/2018 Jakub Dušánek
331,FO 334/2018,vysocina,220700001,-1778.40,2018-03-29,2018-04-03,,Cestovné 03/18
332,FO 335/2018,vysocina,220704401,-383.00,2018-03-29,2018-04-03,,Pásky na ruku
333,FO 336/2018,strana,213100001,-11971.48,2018-03-30,,https://redmine.pirati.cz/issues/10145,Doprava a ubytování na Think Twice 2018
334,FO 337/2018,praha,220100001,-1255.60,2018-03-30,2018-04-02,https://redmine.pirati.cz/issues/10139,Občerstvení a oběd na školení KoKS
335,FO 338/2018,praha,220100402,-800.00,2018-03-30,2018-04-02,https://redmine.pirati.cz/issues/10140,Instalatér - oprava toalety v PiCe
336,FO 339/2018,praha,220100402,-366.00,2018-03-30,2018-04-02,https://redmine.pirati.cz/issues/10141,Drogerie do PiCe
337,FO 340/2018,strana,212900001,-210.00,2018-03-31,2018-04-04,https://redmine.pirati.cz/issues/10161,Cestovné - Štěpán Drtina
338,FO 341/2018,praha,220100001,-3025.00,2018-04-01,2018-04-02,https://redmine.pirati.cz/issues/10175,"Pracovna 5, grilování"
339,FO 342/2018,strana,212600001,-20000.00,2018-04-02,2018-04-02,https://redmine.pirati.cz/issues/10188,Odměna asistent CAP 03/2018
340,FO 343/2018,praha,220100001,-4215.00,2018-04-03,2018-04-03,https://redmine.pirati.cz/issues/10189,nákup a pirátském eshopu 2
341,FO 344/2018,strana,212900001,-21000.00,2018-04-03,2018-04-06,https://redmine.pirati.cz/issues/10238,"Odměna - KoKS KhK, 03/2018"
342,FO 345/2018,strana,212900001,-23927.00,2018-04-03,2018-04-03,https://redmine.pirati.cz/issues/10190,"Odměna - KoKS PaK, 3/2018"
343,FO 346/2018,strana,212900001,-34690.00,2018-04-03,2018-04-03,,odměna KoKS VYS 03/2018
344,FO 347/2018,jiznimorava,220600401,-700.00,2018-04-03,2018-04-03,https://redmine.pirati.cz/issues/10200,Nákup fotobuněk s příslušenstvím
345,FO 348/2018,pardubicko,220800401,-14289.00,2018-04-03,2018-04-03,https://redmine.pirati.cz/issues/10201,Nákup projektoru
346,FO 349/2018,praha,220100542,-6650.00,2018-04-03,,,Odměna stínového zastupitele Víta Šimrala za 03/2018
347,FO 350/2018,strana,212900001,-20018.00,2018-04-03,2018-04-03,https://redmine.pirati.cz/issues/10206,odměna KoDo UsK 03/2018
348,FO 351/2018,praha,220100531,-8520.00,2018-04-03,,,Odměna asistenta senátora Michálka 02/2018
349,FO 352/2018,praha,220100531,"-10550,00",2018-04-03,,,Odměna asistenta senátora Michálka 03/2018
350,FO 353/2018,ustecko,221000600,-42090.00,2018-04-03,2018-04-03,https://redmine.pirati.cz/issues/10209,Nájem ÚPICE 04-09/2018
351,FO 354/2018,strana,212400001,-4999.65,2018-04-03,,https://redmine.pirati.cz/issues/10211,RV/Nečada/cestovné
352,FO 355/2018,vysocina,220700403,-11644.00,2018-04-03,2018-04-03,,Nájemné JiPiCe 04/2018
353,FO 356/2018,strana,212800001,-500.00,2018-04-03,2018-04-03,https://redmine.pirati.cz/issues/10213,Natáčení zastupitelstva 21. 2. 2018
354,FO 357/2018,strana,231172004,-5130.00,2018-04-03,2018-04-17,https://redmine.pirati.cz/issues/10214,Stůl koordinátora e-PIC
355,FO 358/2018,strana,212800001,-56000.00,2018-04-03,2018-04-06,,"odměna - PR Manager, 03/2017"
356,FO 359/2018,strana,212800001,-17156.00,2018-04-03,2018-04-06,https://redmine.pirati.cz/issues/10217,Odměna psavce za 3/2018 Jakub Dušánek
357,FO 360/2018,strana,212900001,-16545.00,2018-04-03,2018-04-06,https://redmine.pirati.cz/issues/10220,"Odměna - KoKS PlK, 03/2018"
358,FO 361/2018,moravskoslezsko,220400300,-8120.00,2018-04-03,2018-04-04,https://redmine.pirati.cz/issues/10224,nájem a služby OPICE 3_2018
359,FO 362/2018,strana,212900001,-29363.00,2018-04-04,2018-04-06,https://redmine.pirati.cz/issues/10229,odměna KoKS ZlK 03/2018
360,FO 363/2018,strana,212900001,-13789.00,2018-04-04,2018-04-06,https://redmine.pirati.cz/issues/10230,Odměna_KoKs_SčK_3/2018
361,FO 364/2018,strana,212900001,-24290.00,2018-04-04,2018-04-06,https://redmine.pirati.cz/issues/10232,"Odměna - KoKS JmK, 03/2018"
362,FO 365/2018,zlinsko,220500001,-1020.00,2018-04-04,2018-04-04,https://redmine.pirati.cz/issues/10231,Cestovné KoKS
363,FO 366/2018,zlinsko,220500001,-305.00,2018-04-04,2018-04-04,https://redmine.pirati.cz/issues/10234,Občerstvení/kandidáti
364,FO 367/2018,strana,212700001,-15000.00,2018-04-04,2018-04-06,,Odměna vedoucího FO 2018/03
365,FO 368/2018,strana,212700001,-30250.00,2018-04-04,2018-04-09,https://redmine.pirati.cz/issues/10236,Audit hospodaření 2017
366,FO 369/2018,ustecko,221000520,-36425.00,2018-04-04,2018-04-09,https://redmine.pirati.cz/issues/10237,"Pronájem poslanecké kanceláře, platba za jeden měsíc plus kauce."
367,FO 370/2018,praha,220100401,-11363.00,2018-04-04,2018-04-10,https://redmine.pirati.cz/issues/10310,"Odměna - KoKS Praha, 03/2018"
368,FO 371/2018,strana,212800001,-12000.00,2018-04-04,2018-04-06,,"odměna - konzultant MO, 03/2018"
369,FO 372/2018,strana,231172022,-4750.00,2018-04-04,2018-04-05,https://redmine.pirati.cz/issues/10251,Pirátské listy - Jarník KvK
370,FO 373/2018,karlovarsko,220200550,-6627.00,2018-04-04,2018-04-05,https://redmine.pirati.cz/issues/10252,Pirátské listy - Jarník KvK - doplatek kraj
371,FO 374/2018,strana,212900001,-25781.00,2018-04-04,2018-04-06,https://redmine.pirati.cz/issues/10253,"Odměna - KoKS OlK, 03/2018"
372,FO 375/2018,strana,212900001,-45422.00,2018-04-10,2018-04-10,https://redmine.pirati.cz/issues/10377,odměna vedoucí PO 3/2018
373,FO 376/2018,strana,212900001,-29000.00,2018-04-05,2018-04-06,https://redmine.pirati.cz/issues/10258,Odměna KoKS JčK 03/2018
374,FO 377/2018,strana,212900001,-8278.60,2018-04-05,2018-04-06,,Proplácení telefonů 3/2018
375,FO 378/2018,praha,220100541,-16478.65,2018-04-05,2018-04-06,,Měsíční odměna zastupitele A. Zábranského 03/2018
376,FO 379/2018,moravskoslezsko,220400150,-1060.00,2018-04-05,2018-04-05,https://redmine.pirati.cz/issues/10270,Propagace FB
377,FO 380/2018,praha,220100541,-18565.00,2018-04-05,2018-04-06,,Měsíční odměna zastupitele I. Mikoláše 03/2018
378,FO 381/2018,strana,212900001,-24472.00,2018-04-05,2018-04-06,https://redmine.pirati.cz/issues/10277,"Odměna - KoKS MSK, 03/2018"
379,FO 382/2018,strana,210000521,-12000.00,2018-04-05,,https://redmine.pirati.cz/issues/10276,FO 382/2018 Expertní práce k projektu Občanská sněmovna
380,FO 383/2018,strana,212500001,-16500.00,2018-04-05,2018-04-06,https://redmine.pirati.cz/issues/10278,asistentka RP - Odměna 03/18
381,FO 384/2018,karlovarsko,220200150,-900.00,2018-04-05,2018-04-06,https://redmine.pirati.cz/issues/10280,Trička - MS Chebsko
382,FO 385/2018,zlinsko,220500131,50000.00,2018-04-05,,https://redmine.pirati.cz/issues/10282,Senát 78.Aleš Fuksa
383,FO 386/2018,olomoucko,220303001,-725.00,2018-04-05,2018-04-06,https://redmine.pirati.cz/issues/10283,Materiál ukliďme česko
384,FO 387/2018,kralovehradecko,220900600,-653.00,2018-04-05,2018-04-06,https://redmine.pirati.cz/issues/10286,Materiál na akci Ukliďme Česko 2018
385,FO 388/2018,praha,220100402,-847.00,2018-04-05,2018-04-06,https://redmine.pirati.cz/issues/10287,Internet v PiCe - duben
386,FO 389/2018,ustecko,221000150,-8500.00,2018-04-06,2018-04-09,https://redmine.pirati.cz/issues/10292,Umístění reklamy
387,FO 390/2018,strana,212900001,-16654.00,2018-04-06,2018-04-10,https://redmine.pirati.cz/issues/10271,Odměna_KoKs_SčK_3/2018
388,FO 391/2018,strana,212800001,-10000.00,2018-04-06,2018-04-09,https://redmine.pirati.cz/issues/10294,03/2018 - Střih a pořízení videozáznamu PirateConu o životním prostředí
389,FO 392/2018,moravskoslezsko,220400150,-2800.00,2018-04-06,2018-04-09,https://redmine.pirati.cz/issues/10295,Příprava natáčení a natáčení PirateConu
390,FO 393/2018,strana,231172014,-30625.00,2018-04-06,,https://redmine.pirati.cz/issues/10296,Vybavení Picola
391,FO 394/2018,moravskoslezsko,220400150,-6000.00,2018-04-06,2018-04-09,https://redmine.pirati.cz/issues/10301,Pronájem stánku
392,FO 395/2018,praha,220100401,-14363.00,2018-04-07,2018-04-10,https://redmine.pirati.cz/issues/10304,Odměna KoKS Praha 03/2018
393,FO 396/2018,strana,212500003,-615.00,2018-04-07,2018-04-10,,Cestovné M. Kučera 9. 3. 2018
394,FO 397/2018,strana,212600001,-746.00,2018-04-07,2018-04-13,,Cestovné M. Kučera výběrové řízení
395,FO 398/2018,ustecko,221000150,-6375.00,2018-04-08,2018-04-11,https://redmine.pirati.cz/issues/10309,Nákup Pirátských propagačních předmětů
396,FO 399/2018,praha,220100401,-14436.00,2018-04-08,2018-04-10,https://redmine.pirati.cz/issues/10311,"Odměna KoKS Pha, 3/2018"
397,FO 400/2018,plzensko,221300400,-209.33,2018-04-08,2018-04-10,https://redmine.pirati.cz/issues/10313,Internet
398,FO 401/2018,strana,212700001,-2410.00,2018-04-09,2018-04-13,https://redmine.pirati.cz/issues/10386,"Odměna - asistent vedoucího FO, 03/2018"
399,FO 402/2018,strana,212900001,-33745.00,2018-04-09,2018-04-10,https://redmine.pirati.cz/issues/10325,"Odměna - KoKS Pha, 03/2018"
400,FO 403/2018,strana,212600001,-26000.00,2018-04-09,2018-04-10,https://redmine.pirati.cz/issues/10327,Odměna vedoucího AO 2018/01-02
401,FO 404/2018,strana,212600001,-10000.00,2018-04-09,2018-04-10,https://redmine.pirati.cz/issues/10327,Odměna vedoucího AO 2018/03
402,FO 405/2018,pardubicko,220800400,-903.00,2018-04-09,2018-04-09,https://redmine.pirati.cz/issues/10348,Cesty do Svitav a do Sezemic
403,FO 406/2018,strana,212500003,-48400.00,2018-04-09,2018-04-10,https://redmine.pirati.cz/issues/10378,průvodce upgradem - odměna 03/18
404,FO 407/2018,strana,212900001,-2000.00,2018-04-09,2018-04-09,https://redmine.pirati.cz/issues/10349,odměna za zastoupení vedoucí PO ve věci VŘ
405,FO 408/2018,pardubicko,220800401,-1710.00,2018-04-09,2018-04-09,https://redmine.pirati.cz/issues/10350,Vybavení kanceláře poslance v Pardubicích
406,FO 409/2018,strana,212800001,-20000.00,2018-04-09,2018-04-10,https://redmine.pirati.cz/issues/10351,"odměna - Vedoucí Týmu odpovídačů, 03/2018, Michal Zachar"
407,FO 410/2018,kralovehradecko,220900600,-287.87,2018-04-09,2018-04-09,https://redmine.pirati.cz/issues/10352,Materiál na akci Ukliďme Česko 2018_Nachod
408,FO 411/2018,kralovehradecko,220900600,-407.17,2018-04-09,2018-04-09,https://redmine.pirati.cz/issues/10353,Materiál na akci Ukliďme Česko 2018_HK
409,FO 412/2018,kralovehradecko,220900600,-215.90,2018-04-09,2018-04-09,https://redmine.pirati.cz/issues/10354,Materiál na akci Ukliďme Česko 2018_HK1
410,FO 413/2018,pardubicko,220800402,-380.00,2018-04-09,2018-04-09,https://redmine.pirati.cz/issues/10355,Ochranné rukavice
411,FO 414/2018,zlinsko,220500404,-2595.00,2018-04-09,2018-04-16,https://redmine.pirati.cz/issues/10356,Vesty - interní převod
412,FO 415/2018,strana,212800001,-12705.00,2018-04-09,2018-04-10,https://redmine.pirati.cz/issues/10358,Monitoring medii 3/2018
413,FO 416/2018,strana,212800001,-10000.00,2018-04-09,2018-04-11,https://redmine.pirati.cz/issues/10362,správa SM za 2/2018
414,FO 417/2018,strednicechy,221400001,-564.00,2018-04-09,2018-04-10,https://redmine.pirati.cz/issues/10365,Proplacená nákladů - Petr Chaluš
415,FO 418/2018,vysocina,220704401,-6500.00,2018-04-09,2018-04-10,,Pronájem sálu
416,FO 419/2018,jiznimorava,220604000,-4035.00,2018-04-09,,https://redmine.pirati.cz/issues/10367,Vesty - interní převod
417,FO 420/2018,liberecko,221100110,-6190.00,2018-04-09,2018-04-10,https://redmine.pirati.cz/issues/10369,Propagační materiály
418,FO 421/2018,jiznicechy,221200700,-1995.00,2018-04-10,,,Vesty - interní převod
419,FO 422/2018,karlovarsko,220200550,-2295.00,2018-04-10,2018-04-16,https://redmine.pirati.cz/issues/10381,Vesty - interní převod
420,FO 423/2018,jiznicechy,221200601,-120000.00,2018-04-10,2018-04-12,https://redmine.pirati.cz/issues/10382,pronájem květen-prosinec
421,FO 424/2018,karlovarsko,220200603,-56681.00,2018-04-10,2018-04-11,https://redmine.pirati.cz/issues/10383,E-PIC - vybavení elektro
422,FO 425/2018,karlovarsko,220200603,-5652.00,2018-04-10,2018-04-11,https://redmine.pirati.cz/issues/10384,Multifunkční laserová tiskárna e-PIC
423,FO 426/2018,strednicechy,221400001,-780.00,2018-04-10,2018-04-11,https://redmine.pirati.cz/issues/10387,Proplacení nákladů - Jan Jurik
424,FO 427/2018,moravskoslezsko,220400150,-399.30,2018-04-11,2018-04-11,https://redmine.pirati.cz/issues/10389,Tiskařské práce
425,FO 428/2018,moravskoslezsko,220400150,-1000.00,2018-04-11,,https://redmine.pirati.cz/issues/10391,PirateCon MSK - grafické práce
426,FO 429/2018,strana,212800001,-10000.00,2018-04-11,2018-04-12,https://redmine.pirati.cz/issues/10402,správa SM za 3/2018
427,FO 430/2018,praha,220100001,-3025.00,2018-04-11,2018-04-12,https://redmine.pirati.cz/issues/10406,"Pracovna 6, krajská schůze"
428,FO 431/2018,praha,220100001,-795.00,2018-04-11,,https://redmine.pirati.cz/issues/10407,Vesty - interní převod
429,FO 432/2018,strana,231172013,-1191.00,2018-04-11,2018-04-15,https://redmine.pirati.cz/issues/10408,Drobné rekvizity
430,FO 433/2018,kralovehradecko,220900600,-1395.00,2018-04-12,,,Vesty - interní převod
431,FO 434/2018,strana,212900001,-1014.00,2018-04-12,,https://redmine.pirati.cz/issues/10417,cestovné Jana Rohová
432,FO 435/2018,jiznimorava,220600401,-17999.86,2018-04-12,,https://redmine.pirati.cz/issues/10420,Zajištění Pirate Space Brno v roce 2018 (zajištění internetu)
433,FO 436/2018,olomoucko,220300001,-1109.70,2018-04-13,2018-04-13,https://redmine.pirati.cz/issues/10426,Vybavení kuchyňky Picola
434,FO 437/2018,olomoucko,220300001,-2370.00,2018-04-13,2018-04-13,https://redmine.pirati.cz/issues/10427,Placky
435,FO 438/2018,jiznicechy,221200481,-5350.00,2018-04-13,2018-04-13,,Mzdy a odvody 03/2018
436,FO 439/2018,olomoucko,220300150,-14000.00,2018-04-13,,,Volební manažer duben 2018
437,FO 440/2018,strana,212900001,-19214.00,2018-04-13,2018-04-13,,Mzdy a odvody 03/2018
438,FO 441/2018,strana,212501401,-2060.00,2018-04-13,2018-04-13,,Mzdy a odvody 03/2018
439,FO 442/2018,olomoucko,220300001,-4330.00,2018-04-13,2018-04-13,https://redmine.pirati.cz/issues/10430,Merch ze shopu
440,FO 443/2018,olomoucko,220305001,-784.30,2018-04-13,2018-04-15,https://redmine.pirati.cz/issues/10438,Rukavice a pytle
441,FO 444/2018,moravskoslezsko,220400150,-1995.00,2018-04-13,2018-04-16,https://redmine.pirati.cz/issues/10441,Vesty - interní převod
442,FO 445/2018,karlovarsko,220200601,-12000.00,2018-04-15,2018-04-15,https://redmine.pirati.cz/issues/10444,e-PIC KvK - nájem 4_2018
443,FO 446/2018,karlovarsko,220200001,-699.00,2018-04-15,2018-04-15,https://redmine.pirati.cz/issues/10445,Hosting + doména piratikvk.cz
444,FO 447/2018,strana,212900001,-210.00,2018-04-15,,https://redmine.pirati.cz/issues/10446,Cestovné - Štěpán Drtina
445,FO 448/2018,strana,231172010,-5372.00,2018-04-16,2018-04-16,https://redmine.pirati.cz/issues/10451,3d kamera
446,FO 449/2018,strana,231172010,-21978.00,2018-04-16,2018-04-16,https://redmine.pirati.cz/issues/10452,3d tiskárna
447,FO 450/2018,strana,231172026,-20500.00,2018-04-16,2018-04-16,https://redmine.pirati.cz/issues/10463,Videopráce a střih
448,FO 451/2018,strana,212800001,-3000.00,2018-04-16,2018-04-16,https://redmine.pirati.cz/issues/10466,grafické práce
449,FO 452/2018,strana,212800001,-1302.00,2018-04-16,2018-04-16,https://redmine.pirati.cz/issues/10468,LED žárovka
450,FO 453/2018,strana,231172011,-799.00,2018-04-16,2018-04-16,https://redmine.pirati.cz/issues/10471,nákup routeru
451,FO 454/2018,strana,212900001,-840.00,2018-04-16,2018-04-16,https://redmine.pirati.cz/issues/10472,cestovné - Pavel Štěpánek
452,FO 455/2018,strana,212600001,-2057.00,2018-04-16,2018-04-17,https://redmine.pirati.cz/issues/10479,"Poštovné 01/18 03/18, doplatek 12/17"
453,FO 456/2018,,212500901,-13000.00,2018-04-16,,https://redmine.pirati.cz/issues/10481,(Například Fotografické práce)
454,FO 457/2018,zlinsko,220500404,-5883.02,2018-04-16,,,Reflexní prvky
455,FO 458/2018,zlinsko,220500131,-5877.00,2018-04-16,,https://redmine.pirati.cz/issues/10485,zapalovače/senát78
456,FO 459/2018,vysocina,220700151,-1350.00,2018-04-17,,,Volební anketa
457,FO 460/2018,vysocina,220700151,-1932.00,2018-04-17,,,Tisk-anketní lístky
458,FO 461/2018,strana,213000001,-4840.00,2018-04-17,2018-04-17,https://redmine.pirati.cz/issues/10490,Hotingové služby WEDOS
459,FO 462/2018,pardubicko,220800490,-10000.00,2018-04-17,,https://redmine.pirati.cz/issues/10491,odměna za smlouvu o dílo
460,FO 463/2018,strana,213000001,0.00,2018-04-17,2018-04-09,https://redmine.pirati.cz/issues/10492,WEDOS - čerpání kraditu na úhradu služeb
461,FO 464/2018,ustecko,221000520,-211400.00,2018-04-18,2018-04-18,https://redmine.pirati.cz/issues/10501,"Dlouhodobý pronájem poslanecké kanceláře, počínaje květnem do konce roku 2018, proplatit měsíčně 26 425."
462,FO 465/2018,plzensko,221300400,-349.70,2018-04-18,2018-04-19,https://redmine.pirati.cz/issues/10514,Pytle na odpadky
463,FO 466/2018,ustecko,221000600,-81915.00,2018-04-18,2018-04-19,https://redmine.pirati.cz/issues/10515,Nákup nábytku pro Pirátské centrum
464,FO 467/2018,praha,220100402,-3025.00,2018-04-18,2018-04-18,https://redmine.pirati.cz/issues/10517,"Pracovna 7, Pirátské úterý"
465,FO 468/2018,pardubicko,220800150,-9990.00,2018-04-18,2018-04-20,https://redmine.pirati.cz/issues/10519,nákup propagačních předmětů
466,FO 469/2018,liberecko,221100480,-114.50,2018-04-18,2018-04-19,https://redmine.pirati.cz/issues/10528,Železný brod
467,FO 470/2018,strana,231172010,-4607.00,2018-04-19,2018-04-20,https://redmine.pirati.cz/issues/10524,kamera
468,FO 471/2018,jiznicechy,221200700,-1995.00,2018-04-19,2018-04-20,,Vesty - interní převod
469,FO 472/2018,liberecko,221100480,-950.00,2018-04-19,2018-04-19,https://redmine.pirati.cz/issues/10527,Jablonec nad Nisou
470,FO 473/2018,strana,212500001,-417.00,2018-04-19,2018-04-19,https://redmine.pirati.cz/issues/10532,Cestovné Aleš Jakl 28. 3. 2018
471,FO 474/2018,strana,212500001,-3000.00,2018-04-19,2018-04-19,https://redmine.pirati.cz/issues/10533,Soudní poplatek za žalobu proti rozhodnutí správního orgánu
472,FO 475/2018,strana,212900001,-3023.81,2018-04-19,2018-04-20,https://redmine.pirati.cz/issues/10538,platba airtable 04
473,FO 476/2018,strana,212800001,-3630.00,2018-04-20,2018-04-23,https://redmine.pirati.cz/issues/10541,grafické práce
474,FO 477/2018,strana,212800001,-7260.00,2018-04-20,2018-04-23,https://redmine.pirati.cz/issues/10542,grafické práce
475,FO 478/2018,kralovehradecko,220900150,-5173.00,2018-04-20,2018-04-26,https://redmine.pirati.cz/issues/10652,Pronájem sálu_Beseda s IB_Trutnov
476,FO 479/2018,strana,212900001,-720.00,2018-04-20,2018-05-01,https://redmine.pirati.cz/issues/10708,cestovné - Libuše Věříšová
477,FO 480/2018,strana,231172036,-16920.00,2018-04-20,2018-04-23,https://redmine.pirati.cz/issues/10551,Nákup počítačů
478,FO 481/2018,pardubicko,220800401,-151.00,2018-04-20,2018-04-23,https://redmine.pirati.cz/issues/10552,nákup kabelu k projektoru
479,FO 482/2018,jiznicechy,221200601,-790.00,2018-04-21,2018-04-30,https://redmine.pirati.cz/issues/10553,Leták na propagaci otvíračky ČePiCe
480,FO 483/2018,strana,213100001,-1267.00,2018-04-22,2018-04-23,https://redmine.pirati.cz/issues/10561,Proplacení slovenské dálniční známky
481,FO 484/2018,strana,212800001,-500.00,2018-04-23,,https://redmine.pirati.cz/issues/10568,Natáčení zastupitelstva 18.4.2018
482,FO 485/2018,strana,212800001,-2814.50,2018-04-23,2018-04-23,https://redmine.pirati.cz/issues/10571,nákup osvětlovací techniky
483,FO 486/2018,strana,212400001,-786.00,2018-04-23,2018-04-25,https://redmine.pirati.cz/issues/10572,RV/Vodová/cestovné
484,FO 487/2018,kralovehradecko,220900600,-501.70,2018-04-23,,https://redmine.pirati.cz/issues/10706,Materiál na akci Ukliďme Česko 2018_KhK
485,FO 488/2018,kralovehradecko,220900600,-0.00,2018-04-23,,,Materiál na akci Ukliďme Česko 2018_Březhrad
486,FO 489/2018,kralovehradecko,220900600,-225.00,2018-04-23,,https://redmine.pirati.cz/issues/10707,Materiál na akci Ukliďme Česko 2018_Březhrad
487,FO 490/2018,strana,213200151,-8867.00,2018-04-23,2018-04-26,https://redmine.pirati.cz/issues/10575,Tiskařské práce
488,FO 491/2018,strana,213200151,-568.00,2018-04-23,2018-04-26,https://redmine.pirati.cz/issues/10578,Tvorba křížovky pro Pirátské Listy
489,FO 492/2018,pardubicko,220800400,-540.00,2018-04-23,2018-04-23,https://redmine.pirati.cz/issues/10582,cesty do Č.Třebové a 2x do Pardubic a zpět
490,FO 493/2018,strana,212700001,-56870.00,2018-04-23,2018-04-29,https://redmine.pirati.cz/issues/10583,Doúčtování dokladů za 10-12/2017 a zpracování roční účetní závěrky
491,FO 494/2018,zlinsko,220500131,-6050.00,2018-04-23,2018-04-23,https://redmine.pirati.cz/issues/10584,Inzerce_region
492,FO 495/2018,brno,220604150,-7840.00,2018-04-23,2018-04-25,https://redmine.pirati.cz/issues/10589,Zábor na Moravském náměstí
493,FO 496/2018,kralovehradecko,220900150,-2000.00,2018-04-24,,https://redmine.pirati.cz/issues/10705,Beseda občanů s Martinem Jiránkem
494,FO 497/2018,karlovarsko,220200602,-1990.00,2018-04-24,2018-04-25,https://redmine.pirati.cz/issues/10594,Nákup Wifi routeru - e-PIC Karlovy Vary
495,FO 498/2018,jiznicechy,221201150,-2000.00,2018-04-24,2018-04-30,https://redmine.pirati.cz/issues/10607,Grafické práce
496,FO 499/2018,strana,212900001,-1436.00,2018-04-24,2018-04-24,https://redmine.pirati.cz/issues/10608,občerstvení
